bids_name	aor	aqi	dummy_trs	dvars_nstd	dvars_std	dvars_vstd	efc	fber	fd_mean	fd_num	fd_perc	fwhm_avg	fwhm_x	fwhm_y	fwhm_z	gcor	gsr_x	gsr_y	size_t	size_x	size_y	size_z	snr	spacing_tr	spacing_x	spacing_y	spacing_z	summary_bg_k	summary_bg_mad	summary_bg_mean	summary_bg_median	summary_bg_n	summary_bg_p05	summary_bg_p95	summary_bg_stdv	summary_fg_k	summary_fg_mad	summary_fg_mean	summary_fg_median	summary_fg_n	summary_fg_p05	summary_fg_p95	summary_fg_stdv	tsnr	orig
61295fd61f143ec0cf5d46ae	0.0048402884615384	0.0198881461538461	0	44.08368458043477	1.218778082657005	1.0253840903381648	0.466519286435468	4029.5771484375	0.1142067723529576	13.0	6.25	1.8383453884592744	1.734112165377823	1.935432	1.845492	0.0167062	-0.0067043458111584	0.0205398704856634	208.0	88.0	88.0	63.0	5.28410373243146	2.0	2.499999761581421	2.5	2.5	68.76301760833647	4.67589911418233	12.7308931350708	5.197115421295166	340190.0	1.451923131942749	46.81731033325195	23.08251190185547	4.264612672701077	52.41499709316682	336.14166259765625	329.92547607421875	78122.0	252.64472198486328	438.629100036621	62.43695831298828	35.17333037615754	fetch
61295f901f143ec0cf5d46ad	0.004763125	0.0200123552884615	0	44.18108052811594	1.2223489491787434	1.0254228268599035	0.4661172305382076	4147.0419921875	0.1391816839389799	26.0	12.5	1.841405388586304	1.7381081657589117	1.940452	1.845656	0.0167827	-0.00655411882326	0.0205716993659734	208.0	88.0	88.0	63.0	5.289275584519287	2.0	2.499999761581421	2.5	2.5	69.01381693065245	4.597492673949723	12.734294891357422	5.163461685180664	340233.0	1.4903846979141235	46.70192337036133	23.11738967895508	4.240360913012617	52.525463808147336	336.0904235839844	329.90386962890625	78085.0	252.4336700439453	438.2211730957032	62.37182235717773	35.310677817324176	fetch
612939e31329e57f6e1f58a0	0.0011723076923076	0.0257755302884615	0	43.263101439082114	1.1239262788888884	0.9599455669565212	0.4561232620387884	4704.42822265625	0.0926038285789234	4.0	1.9230769230769231	1.9180280000000005	1.787424	2.062752	1.903908	0.0123762	-0.0081674102693796	0.0200966689735651	208.0	88.0	88.0	63.0	5.081614104982211	2.0	2.5	2.5	2.5	36.17594267762758	4.597492320469808	17.027374267578125	5.269230842590332	353536.0	1.4903846979141235	77.93269348144531	32.98557662963867	3.379152453609854	66.75632761972244	364.5390930175781	358.8317565917969	68460.0	270.0959213256836	478.1019439697265	70.61322021484375	29.93038575118408	fetch
6129399b1f143ec0cf5d466f	0.0011929326923076	0.0265349798076923	0	42.8676010910145	1.1136051670531408	0.9606561975362315	0.4550100160670561	4843.45068359375	0.2120256475435015	84.0	40.38461538461539	1.9127826666666667	1.787632	2.061448	1.889268	0.0127049	-0.0073064500465989	0.0207387842237949	208.0	88.0	88.0	63.0	5.084949428668053	2.0	2.5	2.5	2.5	36.52211172159662	4.554724785637571	16.950302124023438	5.240384578704834	353540.0	1.4759615659713743	77.52428054809565	32.89902114868164	3.415783277820624	66.49616640279106	364.4495239257813	358.90386962890625	68474.0	270.0896820068359	477.67478332519534	70.58108520507812	30.044983183965087	fetch
612937671f143ec0cf5d466a	0.0005306763285024	0.0193215347826086	1	41.77970128844663	1.244888697621359	0.9696395247087376	0.4317471355057722	6398.45361328125	0.0835127177243259	5.0	2.415458937198068	1.7004986666666666	1.581952	1.80392	1.715624	0.0039053	-0.0157223474234342	0.0187023915350437	207.0	88.0	88.0	63.0	5.889797488917913	2.0	2.5	2.5	2.5	71.70600637054201	3.638463137118936	11.65562343597412	4.613526344299316	354575.0	1.65217387676239	41.164249420166016	23.389694213867188	2.8890901601447307	55.5725172262766	366.1607055664063	362.4106140136719	68015.0	279.75217590332034	465.9449188232422	61.53147888183594	40.45373639743775	fetch
60f86a3548b3ccc3bffc998e	0.005215369458128	0.0250557596059113	0	51.405153142425696	1.096368281336633	0.992788543168317	0.4426663449459798	3648.61962890625	0.1053488652894324	14.0	6.896551724137931	1.9578706666666663	1.871836	2.0602	1.941576	0.0302021	-0.0221378933638334	0.0068257530219852	203.0	88.0	88.0	63.0	4.736474657922307	2.0	2.5	2.5	2.5	21.50440644765783	3.848922603739073	13.956567764282228	4.448275566101074	366627.0	1.3793103694915771	64.80000076293958	26.6474666595459	3.984104969549642	48.33428922609744	277.16192626953125	269.3448181152344	58865.0	204.40491638183596	373.26205444335926	56.8656120300293	25.646934012067504	fetch
60f86a0348b3ccc3bffc998c	0.0099733653846153	0.0296515100961538	0	54.35186830241544	1.1079353264734306	1.0214407737198072	0.441699953720207	3710.7958984375	0.5466281090711964	73.0	35.09615384615385	1.9684986666666664	1.875084	2.082264	1.948148	0.0339727	-0.0212376620620489	0.0075853560119867	208.0	88.0	88.0	63.0	4.752952848084281	2.0	2.5	2.5	2.5	21.667644768113707	3.8062961073926447	13.918354988098145	4.456730842590332	366690.0	1.4230769872665403	63.85360717773432	26.47795867919922	4.11183494447735	47.96363867147104	277.0355529785156	269.3125	58874.0	204.82212829589844	372.85674591064446	56.66166305541992	23.894563281792216	fetch
60dcc770c5da832d6e150cec	0.000805048076923	0.0123444341826923	0	37.13574921768115	1.1559791010628024	0.9774381854106282	0.4433046814030666	4626.0908203125	0.0689132143468441	2.0	0.9615384615384616	1.996642666666667	1.89672	2.154192	1.939016	0.00668209	-0.0013529526768252	0.0086417654529213	208.0	88.0	88.0	63.0	4.6555979757277495	2.0	2.5	2.5	2.5	32.37751937092671	4.732922670698603	16.451799392700195	5.120192527770996	359661.0	1.2355769872665403	73.8846206665039	33.10336685180664	3.208602930868838	67.60807282124124	355.88836669921875	346.3702087402344	62529.0	260.3846130371094	482.9173278808594	74.39805603027344	39.65188380796462	fetch
60dcc735c5da832d6e150ce2	0.0008174519230769	0.0123380750961538	0	37.131439061400975	1.156957462995169	0.9776924526570046	0.443154731045526	4648.3125	0.1187673095326927	13.0	6.25	1.9941293333333332	1.897048	2.15104	1.9343	0.00669602	-0.0014314485015347	0.0085690328851342	208.0	88.0	88.0	63.0	4.65349090554783	2.0	2.5	2.5	2.5	32.34307830968906	4.732922317218689	16.45954132080078	5.125	359723.0	1.2451924085617063	73.86442565917936	33.12562561035156	3.219121210424121	67.64372621931808	355.9097900390625	346.4278869628906	62537.0	260.54713134765626	482.50483398437495	74.44413757324219	39.75797027291264	fetch
60dcb1054b0add7bb3013c89	0.0007296153846153	0.0094534923076923	0	44.37988976014493	1.2533279887922713	1.007434958550725	0.4530912706128528	4244.49365234375	0.0728134681306734	0.0	0.0	1.9700013333333333	1.840216	2.118156	1.951632	0.00342979	-0.013056525029242	0.0183101836591959	208.0	88.0	88.0	63.0	4.585900737046135	2.0	2.5	2.5	2.5	43.19469736963534	4.1199236357226425	12.568845748901367	4.350961685180664	351745.0	1.0	51.638462066650334	25.0968074798584	2.7213200719230954	56.32105760417445	288.56414794921875	281.7139587402344	70250.0	206.05986328125	390.0875091552735	61.43001556396485	43.271792328218	fetch
60dcb0a94b0add7bb3013c84	0.000739423076923	0.0095024585576923	0	44.36669462980676	1.2537410283574877	1.007301881352657	0.4528075951722661	4291.21484375	0.0635860079021741	1.0	0.4807692307692308	1.9719106666666668	1.838332	2.119528	1.957872	0.00344672	-0.0128937922418117	0.0186261013150215	208.0	88.0	88.0	63.0	4.588978411260312	2.0	2.5	2.5	2.5	43.37738616285319	4.084284376842359	12.538147926330566	4.326923370361328	351777.0	1.0	51.45769500732428	25.06347274780273	2.6790093118720275	56.38165254500494	288.544189453125	281.7452087402344	70220.0	206.2740478515625	389.7507217407227	61.395626068115234	43.34816543280613	fetch
60dcadf14b0add7bb3013c56	0.0026266346153846	0.0246516942307692	0	36.627331305169086	1.1500114916425124	1.0112838277294682	0.4495707062832239	6119.7255859375	0.1176029539191563	17.0	8.173076923076923	1.737781393230698	1.6087599999999995	1.8842081796920944	1.720376	0.0346997	-0.017555920407176	0.0266784373670816	208.0	88.0	88.0	63.0	6.293568902178783	2.0	2.5	2.499999761581421	2.5	101.9569524323866	4.376528844716067	13.302923202514648	5.240384578704834	345904.0	1.778846263885498	45.76370239257801	27.49188041687012	3.56171946587972	57.48291497627544	408.8582153320313	404.485595703125	74986.0	321.49159240722656	511.9363250732422	64.26924133300781	36.76563449611422	fetch
60dcada7c5da832d6e150a59	0.0028625	0.0246966394230769	0	36.6098007994686	1.1530411800966194	1.0136592914975848	0.4488267454240823	6240.7021484375	0.2676411081377272	119.0	57.21153846153846	1.7403587267662106	1.615436	1.890568180298632	1.715072	0.0350671	-0.0169859025627374	0.027614327147603	208.0	88.0	88.0	63.0	6.311931754456418	2.0	2.5	2.499999761581421	2.5	106.36872094587352	4.276737576627599	13.090455055236816	5.211538791656494	346006.0	1.8125001192092896	44.43629837036133	27.1306209564209	3.4542226641911267	57.10869003275555	408.9447937011719	404.56732177734375	74923.0	321.4480773925781	511.8923187255856	64.09521484375	37.03784131206339	fetch
60da2113c5da832d6e14c5e5	0.0018541826923076	0.0134299325	0	37.41202484376811	1.1593820316425112	1.0054422983091782	0.4809445161681343	4167.44482421875	0.0929432362465333	4.0	1.9230769230769231	1.912072	1.798752	2.0312840000000003	1.90618	0.0122209	-0.0024323537945747	0.0199490133672952	208.0	88.0	88.0	63.0	5.122256381220019	2.0	2.5	2.5	2.5	26.801149694368867	4.66877119171029	16.72311782836914	5.384615421295166	338233.0	1.447115421295166	76.99519348144531	31.352617263793945	3.266230640324149	59.86006457216368	355.46685791015625	347.875	80872.0	266.73077392578125	471.985595703125	67.91398620605469	40.07714332989417	fetch
60da20d3c5da832d6e14c5e1	0.0018454807692307	0.0134754087980769	0	37.47036199545893	1.1612176023671503	1.005513726038647	0.4808148740900186	4205.7626953125	0.1106475943435309	9.0	4.326923076923077	1.9088453333333333	1.798808	2.026492	1.901236	0.0122358	-0.0023707610089331	0.019823869690299	208.0	88.0	88.0	63.0	5.118489088138491	2.0	2.5	2.5	2.5	26.80971257248621	4.654516053726039	16.707111358642578	5.375	338235.0	1.442307710647583	77.05769348144531	31.329530715942383	3.243058660517224	59.806607097762914	355.5113525390625	347.7908935546875	80880.0	266.5863067626953	472.2836608886719	67.94754028320312	40.1082756947726	fetch
60b7f1d34b0add7bb300bf8c	0.0009549519230769	0.0164729548557692	0	36.18153897338165	1.196020056811594	0.9662500900000002	0.434095263635332	7228.12109375	0.0689978333838053	0.0	0.0	1.8122666666666667	1.677656	1.97508	1.784064	0.00831551	-0.003585209371522	0.0257559735327959	208.0	88.0	88.0	63.0	5.213164441801818	2.0	2.5	2.5	2.5	53.62243760438823	4.64026020878196	16.543794631958008	5.086538791656494	357402.0	1.201923131942749	74.07188034057623	35.2232551574707	3.5601326920998764	71.13640186797902	435.3307800292969	427.7596435546875	65654.0	327.03486785888674	568.65869140625	82.05311584472656	39.644193469546735	fetch
60b7f19f4b0add7bb300bf8b	0.0009559134615384	0.016615641201923	0	36.15631953067632	1.195850581014492	0.9662838885507248	0.4337507167290841	7371.77294921875	0.082709750253779	10.0	4.807692307692308	1.811264	1.6809999999999998	1.965604	1.787188	0.00833043	-0.0036000094842165	0.0260602999478578	208.0	88.0	88.0	63.0	5.227283458897072	2.0	2.5	2.5	2.5	53.83110779861046	4.540470001133235	16.51262664794922	5.04807710647583	357426.0	1.2355769872665403	73.85096740722656	35.210060119628906	3.6036325151749375	70.93327251434191	435.4356384277344	427.8942565917969	65500.0	327.2831802368164	568.5822082519531	81.85723876953125	39.76268087513745	fetch
60b7e6334b0add7bb300bf83	0.0011989903846153	0.0157602316346153	0	38.26518945173914	1.2111481264251198	0.9915291977294686	0.4069319658543617	7800.83447265625	0.0760003774556679	1.0	0.4807692307692308	1.856034674378216	1.7327878347484746	1.9753721883861723	1.859944	0.00672058	-0.0107755381613969	0.0130262877792119	208.0	88.0	88.0	63.0	5.606486716042525	2.0	2.500000238418579	2.499999761581421	2.5	61.763478969810805	2.9295651781309204	10.56597137451172	3.875000238418579	367035.0	1.389423131942749	38.87644309997553	22.37517547607422	3.08317344791496	55.921925051972686	344.2084350585937	339.39666748046875	57992.0	260.9471130371094	442.9204437255859	60.53590393066406	41.05927595868707	fetch
60b7e6054b0add7bb300bf82	0.0012103365384615	0.0157494982692307	0	38.44327228173913	1.2167484221739135	0.9912472455555552	0.4069365025265065	7779.50732421875	0.1114960681546282	18.0	8.653846153846153	1.858712007612621	1.737987834252564	1.9774601885852996	1.860688	0.0067515	-0.0111251166090369	0.0128140356391668	208.0	88.0	88.0	63.0	5.615425059422987	2.0	2.500000238418579	2.499999761581421	2.5	61.83834871320192	2.893925389030765	10.565229415893556	3.884615421295166	367057.0	1.4134615659713743	38.79423141479498	22.372478485107425	3.104120434424092	55.91122450800673	344.2158508300781	339.423095703125	57957.0	260.9375	442.3807983398437	60.44425201416016	41.18347795144655	fetch
609304ecc5da832d6e1468b4	0.001003798076923	0.0113229698557692	0	39.62065771362319	1.194649945652174	0.9996762509661832	0.4261545662623642	6811.73681640625	0.1302339082375177	37.0	17.78846153846154	1.807504	1.684104	1.91846	1.819948	0.0125754	-0.0102609591558575	0.0175164733082056	208.0	88.0	88.0	63.0	4.399944383981406	2.0	2.5	2.5	2.5	43.30846859760802	2.8582859534105247	10.400774002075195	3.826923131942749	355449.0	1.2932692766189575	38.45673370361328	21.563127517700195	3.595322718015944	57.15859574097734	325.11798095703125	312.625	67231.0	241.13462829589844	449.5120391845703	71.05150604248047	42.11715653538704	fetch
608b51adc5da832d6e1464fd	0.001003798076923	0.0113229698557692	0	39.62065771362319	1.194649945652174	0.9996762575845404	0.4261545662623642	6811.73681640625	0.1302339082375177	37.0	17.78846153846154	1.807504	1.684104	1.91846	1.819948	0.0125754	-0.0102609591558575	0.0175164733082056	208.0	88.0	88.0	63.0	4.399944383981406	2.0	2.5	2.5	2.5	43.30846859760802	2.8582859534105247	10.400774002075195	3.826923131942749	355449.0	1.2932692766189575	38.45673370361328	21.563127517700195	3.595322718015944	57.15859574097734	325.11798095703125	312.625	67231.0	241.13462829589844	449.5120391845703	71.05150604248047	42.11715653538704	fetch
60327c8904e712e94a02498c	0.0001756620209059	0.0100732554703832	2	31.13247983917974	1.2895673669633507	0.9913388045898788	0.5386080474223134	2558.190673828125	0.1193526252194243	2.0	0.3484320557491289	1.7382893333333334	1.629308	1.890436	1.695124	0.00652291	-0.0169459842145442	0.0529462620615959	574.0	84.0	84.0	42.0	6.709243394500289	1.25	2.5	2.5	2.5	29.405789721904533	8.205971170377575	29.66075134277344	11.80487823486328	180515.0	5.0853657722473145	105.24651794433584	52.812110900878906	2.0768185031418707	83.3421255215313	616.811279296875	611.872802734375	64106.0	487.9067916870117	768.9294586181641	91.19776916503906	59.88199758320116	fetch
60327abe04e712e94a02498b	0.0003927237354085	0.0097120471206225	1	32.766982026210904	1.3235541260156247	0.9937693835156244	0.53717940454282	2587.34033203125	0.1595403537013703	67.0	26.07003891050584	1.6962506666666666	1.58394	1.857764	1.6470479999999998	0.00754258	-0.0178996566683053	0.0534610487520694	257.0	84.0	84.0	42.0	6.746865651391553	1.25	2.5	2.5	2.5	29.200716805897912	8.474485824643896	30.830846786499023	12.038910865783691	181244.0	5.190661430358887	108.08832550048834	57.0885124206543	2.7234865144375595	83.41221069110115	632.864990234375	627.6692504882812	63403.0	502.2389221191406	784.4299438476562	93.03050231933594	61.50107831927016	fetch
60327a8004e712e94a02498a	0.0003455197132616	0.0086921210752688	1	32.099229675755424	1.3233870801798555	0.9963171378417268	0.5380609515219293	2539.037109375	0.1475685110946517	47.0	16.845878136200717	1.6871706666666666	1.57266	1.844836	1.644016	0.00637848	-0.0186404846608638	0.0539394244551658	279.0	84.0	84.0	42.0	6.735728527408317	1.25	2.5	2.5	2.5	29.873609764607338	8.566146701223344	31.176958084106445	12.136200904846191	181254.0	5.222222328186035	109.95358390808111	57.688697814941406	2.711846596910481	83.00454937552695	631.6564331054688	626.7598266601562	63398.0	500.9958892822266	782.7573577880859	93.04930877685548	64.53347707958892	fetch
60327a5e094ee7975e9aa793	0.0003358422939068	0.0082052745878136	1	31.86054250971226	1.3124846793525184	0.9992333897122296	0.5380601328358064	2529.9560546875	0.1496577503578894	53.0	18.99641577060932	1.6874453333333337	1.57436	1.8397	1.648276	0.00444283	-0.0187073182314634	0.0534874871373176	279.0	84.0	84.0	42.0	6.686941270780573	1.25	2.5	2.5	2.5	30.420592396210797	8.550204050128183	31.25410270690918	12.150537490844728	181328.0	5.229390621185303	111.52437095642084	57.94466018676758	2.6872651712964206	83.7697400713084	631.0015869140625	625.7598266601562	63447.0	499.3724090576172	783.8405029296874	93.57864379882812	66.4352898253128	fetch
60327a4404e712e94a024989	0.0003190322580645	0.0091764259139784	1	31.72466697974821	1.3110918224820152	0.9935246548201438	0.5383681367932576	2516.0361328125	0.1459032532119219	40.0	14.336917562724016	1.688212	1.577152	1.838144	1.64934	0.00548923	-0.0190296396613121	0.0536221973598003	279.0	84.0	84.0	42.0	6.6766086579069786	1.25	2.5	2.5	2.5	30.58534178946946	8.560831777231796	31.31742286682129	12.172042846679688	181274.0	5.243727684020996	111.23422622680664	58.00659942626953	2.6539786819250795	83.79892337303374	630.7583618164062	625.5716552734375	63518.0	499.27024841308594	784.2621978759765	93.69528198242188	63.88407354941592	fetch
60327896094ee7975e9aa790	0.0004503225806451	0.008539405985663	1	31.203471156366906	1.3183596630215833	1.0032888634172652	0.5391908095616165	2474.276123046875	0.1403524078065769	32.0	11.469534050179211	1.692824	1.570516	1.853464	1.654492	0.00589066	-0.019463438540697	0.0541757531464099	279.0	84.0	84.0	42.0	6.684812364509518	1.25	2.5	2.5	2.5	31.04877406009242	8.698995764377898	31.57935905456543	12.258064270019531	181221.0	5.250895977020264	112.59140014648438	58.31613540649414	2.611497526886573	83.97153468478909	629.8295288085938	624.7061157226562	63583.0	498.8860321044922	783.4835266113281	93.45082092285156	66.0586370669771	fetch
60327854094ee7975e9aa78f	0.0003598201438848	0.0087271371223021	2	30.737958914909743	1.306844970072203	1.0049382618411558	0.540057584595465	2429.166015625	0.1353828997718522	28.0	10.071942446043163	1.686876	1.566872	1.8492	1.644556	0.00472517	-0.0193949043750762	0.0541675612330436	278.0	84.0	84.0	42.0	6.714817773176389	1.25	2.5	2.5	2.5	32.27331254420191	8.746286428193633	31.63248634338379	12.327338218688965	180951.0	5.273381233215332	112.0431671142578	58.597900390625	2.690278869951255	83.68173771184206	629.2246704101562	623.651123046875	63748.0	499.4689010620117	782.1376190185546	92.8761215209961	65.86090517113917	fetch
6032783004e712e94a024988	0.0003302150537634	0.0086874648745519	1	30.53564208892085	1.297530891582734	0.9990984801438848	0.5405596171640412	2410.284423828125	0.1333246027677213	19.0	6.810035842293907	1.683248	1.567264	1.845404	1.637076	0.00628148	-0.0197459384799003	0.0540778040885925	279.0	84.0	84.0	42.0	6.727753951484902	1.25	2.5	2.5	2.5	31.27826483648297	8.77870619201439	31.737812042236328	12.358423233032228	180977.0	5.27957010269165	113.17060852050764	58.34462738037109	2.7678968849139816	83.34995298075374	628.0594482421875	622.5017700195312	63793.0	498.58494262695314	779.6752685546875	92.52670288085938	65.99393418373074	fetch
60327804094ee7975e9aa78e	0.0004559642857142	0.0085722991785714	0	30.50942327985664	1.2971247303584237	0.9995919576344088	0.5408747757263054	2409.5009765625	0.130729012243129	19.0	6.785714285714286	1.6883146666666669	1.575116	1.845412	1.644416	0.00627374	-0.0193871427327394	0.0528095178306102	280.0	84.0	84.0	42.0	6.7121108160667	1.25	2.5	2.5	2.5	31.145186672109705	8.76323861792406	31.66474151611328	12.35714340209961	180768.0	5.275000095367432	112.9176807403564	58.133636474609375	2.607517367398896	83.9973698247661	627.9837036132812	622.6214599609375	63944.0	498.1292846679688	780.2917755126953	92.76017761230467	66.16189863602631	fetch
603277cc04e712e94a024987	0.0004652688172043	0.0083549588530465	1	30.190327939496395	1.3015529860071946	1.0073149246402884	0.5413973466380516	2394.93115234375	0.1288303484107443	15.0	5.376344086021505	1.682370666666667	1.574376	1.836244	1.636492	0.00744245	-0.0197865981608629	0.0534045584499836	279.0	84.0	84.0	42.0	6.708903595428252	1.25	2.5	2.5	2.5	30.44883317718564	8.815903590356948	31.820241928100582	12.397849082946776	180812.0	5.2939066886901855	113.9419368743894	57.99438095092773	2.536384133786859	83.63156053104608	626.7977294921875	621.4982299804688	64003.0	496.9526947021485	779.3770751953124	92.63710021972656	67.14141899859533	fetch
603277a0094ee7975e9aa78d	0.00036625	0.0098929649285714	0	30.126776062903225	1.275792182867383	0.987291908853046	0.5416188902219157	2383.56640625	0.127784980314483	19.0	6.785714285714286	1.687092	1.578116	1.842312	1.640848	0.00673303	-0.019994193688035	0.0534245520830154	280.0	84.0	84.0	42.0	6.715347558567935	1.25	2.5	2.5	2.5	31.145053630834248	8.832074589476752	31.83637046813965	12.407142639160156	180789.0	5.289285659790039	113.78285675048832	57.93833923339844	2.479437053626328	83.59495697895956	625.9752197265625	620.73388671875	63990.0	496.4318023681641	778.666061401367	92.43438720703124	62.67740205442533	fetch
6032777404e712e94a024986	0.0003506271777003	0.0089460307665505	1	30.70773900968532	1.287210291258743	0.9984836787762248	0.5372300207022439	2637.198974609375	0.1339990557524982	10.0	3.484320557491289	1.7018333333333333	1.586868	1.857084	1.6615480000000002	0.00754146	-0.0173022095113992	0.0545288510620594	287.0	84.0	84.0	42.0	6.844309996507199	1.25	2.5	2.5	2.5	31.32171990783067	8.16206189542212	29.53682327270508	11.71777057647705	180717.0	5.04878044128418	103.64878234863276	53.86176681518555	2.446343300451727	81.64130459880656	622.41796875	617.421630859375	63791.0	496.397216796875	771.7839660644531	90.20877075195312	64.56631419877522	fetch
6032774c094ee7975e9aa78c	0.0004184668989547	0.0086348638675958	1	30.337005962307725	1.2897218353496498	1.0006108323776233	0.5371367972693808	2653.560546875	0.1281130621653823	9.0	3.1358885017421603	1.697368	1.590364	1.849808	1.651932	0.0085961	-0.0171277709305286	0.0545075722038745	287.0	84.0	84.0	42.0	6.836342996379057	1.25	2.5	2.5	2.5	31.14699850607	8.125900193228487	29.690723419189453	11.707317352294922	180825.0	5.0599305152893095	104.57700500488272	54.46379089355469	2.4917453833286825	81.6154242134005	622.9076538085938	617.68115234375	63722.0	496.3876495361328	772.0092193603515	90.35186004638672	65.92719952866901	fetch
6032762204e712e94a024985	0.0026610763888888	0.0159868276736111	0	52.89194402939133	1.2288924318782606	1.0096878254608683	0.6055779960767427	265.8185119628906	0.2347911163312474	199.0	34.548611111111114	2.7972906666666666	3.125036	2.191424	3.075412	0.0219412	-0.0292839054018259	0.0958881750702858	576.0	84.0	84.0	42.0	3.1148034035115097	1.25	2.5	2.5	2.5	11.19963768223357	39.42666608149527	59.207130432128906	34.763023376464844	164062.0	3.187586808204653	201.7248245239255	75.40948486328125	102.3020933262333	122.11515068468306	625.6478271484375	607.2369995117188	75120.0	425.9098190307617	845.8023254394532	194.95065307617188	30.633829961530864	fetch
6032755104e712e94a024984	0.0003990972222222	0.0086113205208333	0	30.66698340167249	1.2910700137282232	0.9970483091986068	0.5375016465197996	2634.807861328125	0.1299824300561067	9.0	3.125	1.6937573333333331	1.588724	1.839304	1.6532440000000002	0.00484646	-0.0177981257438659	0.0548547692596912	288.0	84.0	84.0	42.0	6.833165618103717	1.25	2.5	2.5	2.5	31.16531240911479	8.164607657764973	29.88738822937012	11.75	180873.0	5.083333492279053	105.8208312988281	54.84659576416016	2.5374817703499053	80.97167224913971	622.2937622070312	616.9652709960938	63728.0	495.7456710815429	771.4003356933594	90.2891082763672	66.2851975671947	fetch
60327524094ee7975e9aa78b	0.0003644599303135	0.0088062602439024	1	31.36873321933565	1.3025729130769226	0.9988726084265732	0.5381112829209628	2612.47119140625	0.1328109774391413	18.0	6.2717770034843205	1.6986173333333332	1.585072	1.848716	1.6620640000000002	0.00714044	-0.017704302445054	0.054453819990158	287.0	84.0	84.0	42.0	6.812787609156833	1.25	2.5	2.5	2.5	30.215857998857366	8.193055721268555	29.944381713867188	11.770034790039062	180732.0	5.087108135223389	105.64233779907208	54.700233459472656	2.540398907783633	81.00587779348757	621.4441528320312	616.1741943359375	63874.0	494.6167297363281	770.0618743896484	90.44306182861328	65.13699067384005	fetch
603274fa04e712e94a024983	0.0003140357142857	0.0087118962142857	8	31.469365068817197	1.302510236272402	0.9937097547311824	0.5380515188339917	2607.146484375	0.130835849699787	8.0	2.857142857142857	1.69818	1.586256	1.845604	1.66268	0.00573802	-0.0177894737571477	0.0544953159987926	280.0	84.0	84.0	42.0	6.799172100129502	1.25	2.5	2.5	2.5	30.519083919171507	8.180786433442892	29.958375930786133	11.774999618530272	180735.0	5.095357084274294	106.10535659790018	54.76476287841797	2.4871041858274268	81.20952746955854	621.0733642578125	615.80712890625	63920.0	493.68144378662106	770.0919738769529	90.5701904296875	65.59841960668564	fetch
603274d2094ee7975e9aa78a	0.0005308710801393	0.0096899600696864	1	31.739944177972028	1.328537531783215	0.9994669336363632	0.5391312234498895	2552.374267578125	0.1192604579906819	6.0	2.0905923344947737	1.697024	1.587144	1.845	1.658928	0.00567741	-0.0184333436191082	0.0549855642020702	287.0	84.0	84.0	42.0	6.777121166116122	1.25	2.5	2.5	2.5	30.00051301177005	8.306704462437677	30.29104995727539	11.874564170837402	180553.0	5.111498355865479	107.00348663330078	54.96855545043945	2.497905148596301	81.8995655077186	621.02783203125	615.2926635742188	64001.0	494.2090759277344	771.0278930664062	90.78897094726562	62.62450781930238	fetch
603274a804e712e94a024982	0.0004339024390243	0.0089606986411149	1	31.578922051853134	1.3282633963986006	1.0016239814335666	0.5397495450429651	2535.63720703125	0.1125391429458731	2.0	0.6968641114982579	1.6990613333333335	1.588792	1.847932	1.66046	0.00853973	-0.0184579398483037	0.0550272576510906	287.0	84.0	84.0	42.0	6.766642584270601	1.25	2.5	2.5	2.5	30.54904043310568	8.306705169397505	30.27276611328125	11.87108039855957	180327.0	5.114982604980469	106.6867599487303	55.072025299072266	2.525620824369136	81.70324559115073	619.3729858398438	614.1376953125	64122.0	492.1055679321289	768.7141204833985	90.75888061523438	65.27977581135929	fetch
6032748204e712e94a024981	0.0004740624999999	0.0087236932986111	0	31.844612022020893	1.3224992762369334	0.9972844581184664	0.5393035034861848	2547.53466796875	0.1209716528073154	6.0	2.083333333333333	1.6981973333333331	1.58816	1.845396	1.661036	0.00571601	-0.0184244308620691	0.0547734498977661	288.0	84.0	84.0	42.0	6.797568365852921	1.25	2.5	2.5	2.5	31.16826416086841	8.262419084853397	30.19745635986328	11.85069465637207	180481.0	5.114583492279053	106.0763931274414	55.07659530639648	2.529222713837659	81.23427671923879	618.7904052734375	613.5729370117188	63938.0	492.4394180297852	767.0282928466796	90.26288604736328	65.76752406544983	fetch
6032744604e712e94a024980	0.0012835271317829	0.014877463488372	0	31.48473918466927	1.2134261664980543	0.9959976847859928	0.5971013911504278	1437.40087890625	0.1767989564870391	95.0	36.82170542635659	1.692664	1.571728	1.8593	1.646964	0.0265207	-0.0272901114076375	0.0924200862646102	258.0	84.0	84.0	42.0	6.81903266710925	1.25	2.5	2.5	2.5	11.648346222436755	17.242434208946207	58.968875885009766	18.87403106689453	169960.0	6.193798542022705	249.58235931396464	90.49564361572266	3.208691563495198	96.71681007954253	757.9209594726562	755.68798828125	72896.0	603.3604736328125	934.5785064697266	110.81964874267578	49.12404010025784	fetch
6032725d04e712e94a02497f	0.0015007142857142	0.0274047878928571	0	32.517873989498206	1.1268008406451613	0.9550807070967742	0.5987830436369435	1409.638916015625	0.2350025013938843	129.0	46.07142857142857	1.7109880000000002	1.597676	1.890272	1.645016	0.0143881	-0.0276799574494361	0.0923494771122932	280.0	84.0	84.0	42.0	6.769059789239506	1.25	2.5	2.5	2.5	11.10766669891597	17.118760070447458	59.85354232788086	18.97857093811035	169713.0	6.4464287757873535	253.42643127441409	91.02831268310548	3.0448853328359498	97.22690704644413	756.0297241210938	753.7142944335938	72975.0	599.1657348632813	934.6392822265624	111.34620666503906	41.3558177605737	fetch
60327237094ee7975e9aa789	0.006714229390681	0.0149807377060931	1	34.02975888582732	1.2505712078057565	1.0545662155395683	0.5972037625108381	1468.8822021484375	0.262313285289052	114.0	40.86021505376344	1.6838453333333334	1.566184	1.853088	1.632264	0.031975	-0.0268969666212797	0.0929856747388839	279.0	84.0	84.0	42.0	6.757920147695535	1.25	2.5	2.5	2.5	11.267873941911429	16.786882020661775	59.76311492919922	18.62723922729492	170298.0	6.2580647468566895	255.1648712158203	91.87464904785156	3.2826097780267167	96.209744556386	755.0882568359375	752.5823974609375	72422.0	600.1365875244142	934.6163360595704	111.36225128173828	46.03538027778268	fetch
6032721b04e712e94a02497e	0.0018453571428571	0.0201911061785714	0	33.16129353562723	1.145979093835126	0.9746034071684584	0.5988681158036264	1398.290283203125	0.257172248702856	134.0	47.85714285714285	1.728468	1.6055199999999998	1.903948	1.675936	0.0190627	-0.028144234791398	0.0924783200025558	280.0	84.0	84.0	42.0	6.669840130935626	1.25	2.5	2.5	2.5	10.975063693995343	17.192892585036155	60.01438903808594	19.049999237060547	170077.0	6.439285755157471	254.57214355468716	90.97335815429688	2.8977192011669786	98.99546037642908	753.5953979492188	751.2178344726562	72828.0	593.83125	934.5680389404292	112.62828826904295	42.11204878636636	fetch
603271f1094ee7975e9aa788	0.004985	0.0229940173214285	0	34.65887125075269	1.1673625929390674	1.0074436951971322	0.599858227681641	1357.2742919921875	0.27522830382004	130.0	46.42857142857143	1.7023106666666667	1.580748	1.867316	1.658868	0.0259723	-0.0287531074136495	0.0941351801156997	280.0	84.0	84.0	42.0	6.789284909297981	1.25	2.5	2.5	2.5	11.14595346614472	17.314674899033523	60.7424201965332	19.189285278320312	169932.0	6.462678670883182	258.5653549194327	92.62710571289062	3.330895039664094	95.58024490227014	753.0170288085938	750.5357055664062	72825.0	599.1257202148438	928.9071655273438	110.54633331298828	39.9755289950408	fetch
603271cd04e712e94a02497d	0.0025300714285714	0.0359121832142857	0	38.07765486949823	1.0481372005017926	0.9437610073118275	0.5995667754218917	1332.24365234375	0.4365554760432146	175.0	62.5	1.739864	1.626388	1.950104	1.6431	0.0258331	-0.0283461213111877	0.0882115736603736	280.0	84.0	84.0	42.0	6.760371280066977	1.25	2.5	2.5	2.5	10.541951326310487	18.73373768902244	61.28606033325195	19.735713958740234	169831.0	5.967857360839844	256.4017791748047	91.8581085205078	2.8901201142291617	97.40698385398966	751.70068359375	748.5464477539062	72347.0	595.016455078125	930.6539428710936	110.7248764038086	31.842300288844854	fetch
603271ad094ee7975e9aa787	0.0052869642857142	0.0211835306071428	0	33.56977961802866	1.140069160537634	0.9903078833333328	0.5974316420133923	1416.846435546875	0.2401432421984587	99.0	35.357142857142854	1.7240213333333336	1.598556	1.89722	1.676288	0.0283582	-0.0259985104203224	0.0926808044314384	280.0	84.0	84.0	42.0	6.713428736759003	1.25	2.5	2.5	2.5	10.907614589848318	16.996975635570603	60.1235580444336	18.882143020629883	170465.0	6.39642858505249	256.899279785156	91.60336303710938	2.9511176044246312	97.81998413018958	751.69482421875	749.3964233398438	72375.0	593.5282165527344	931.6557067871094	111.6257095336914	40.19689779554028	fetch
6032718f04e712e94a02497c	0.006907275985663	0.02311375781362	1	34.79638098999997	1.1359721975899282	1.0034483937410077	0.5980146177229883	1443.8182373046875	0.290341513554823	123.0	44.08602150537634	1.7378866666666666	1.62004	1.907548	1.686072	0.0418834	-0.0261264219880104	0.0910712629556655	279.0	84.0	84.0	42.0	6.603917757133875	1.25	2.5	2.5	2.5	10.899848536977542	16.776256414437647	59.64860916137695	18.716846466064453	170138.0	6.383512496948242	253.6084175109862	90.800537109375	2.870059751131685	99.93484597398196	750.3731689453125	748.2509155273438	72690.0	589.7415832519532	932.6980407714844	113.30331420898438	38.13731371995527	fetch
6032716904e712e94a02497b	0.0140171428571428	0.0308301460357142	0	39.84396263193549	1.1278786677060926	1.0293305704301074	0.5974965673824424	1396.679931640625	0.4025922027553889	133.0	47.5	1.7396973333333332	1.628508	1.923596	1.666988	0.0488103	-0.0258756130933761	0.0923024415969848	280.0	84.0	84.0	42.0	6.719903697846103	1.25	2.5	2.5	2.5	11.00257420539262	17.357036638924136	59.94840621948242	19.11428642272949	170467.0	6.403571605682373	255.29321899414043	90.82170104980467	2.9708728841137164	96.79273190945744	750.6787109375	747.7285766601562	72299.0	594.2521728515625	930.6835571289062	111.26995849609376	31.202167201554403	fetch
sub-075_task-wb2_run-01_bold	0.001736686	0.006407859	0	23.60185769	1.274286126	1.002591591	0.487586506	5043.63916	0.073676298	5.0	2.906976744	2.333561722	2.15228332	2.630465357	2.21793649	0.0124754	-0.019124141	0.042680874	172.0	74.0	66.0	45.0	5.755223505	2.599999905	3.02702713	3.02702713	3.000000238	23.50234552	4.723639488	20.87889862	6.488371849	137996.0	2.529069662	90.70494461	41.61971664	5.259808857	68.44968414	478.7975464	485.0930176	41701.0	350.4767456	588.7267456	84.28642273	70.99094391	group
sub-075_task-wb2_run-02_bold	0.001257326	0.008240957	0	23.95585592	1.208034481	0.967552624	0.488803207	4967.894043	0.086532284	13.0	7.558139535	2.351275571	2.171946176	2.645780713	2.236099822	0.0240414	-0.019432083	0.04285888	172.0	74.0	66.0	45.0	5.651181177	2.599999905	3.02702713	3.02702713	3.000000238	22.78572056	4.758119106	21.27520561	6.523255825	137885.0	2.540697575	93.8837204	42.35600281	5.295661189	68.52723694	477.4836731	484.4592896	41773.0	343.4895447	587.8116089	85.72605896	62.37928772	group
sub-075_task-wb2_run-03_bold	0.001652965	0.007137438	0	24.73753631	1.288729134	0.99541579	0.488455656	5002.856445	0.075437702	11.0	6.395348837	2.342707039	2.163541891	2.637046071	2.227533156	0.0144936	-0.018401181	0.041852564	172.0	74.0	66.0	45.0	5.712558521	2.599999905	3.02702713	3.02702713	3.000000238	22.17066747	4.766738892	21.34170532	6.529069901	138093.0	2.569767475	94.47209473	42.19940948	5.437683023	68.25141907	479.3821106	486.1627808	41613.0	350.3965027	588.5755615	85.10318756	67.64862061	group
sub-078_task-russian_run-01_bold	0.005557363	0.01296219	0	22.66261123	1.340707855	0.988201951	0.431885179	9207.238281	0.136534726	25.0	13.73626374	2.506373943	2.454182441	2.910817144	2.154122243	0.0238342	-0.015695849	0.019185213	182.0	72.0	60.0	36.0	5.48032598	2.0	3.361111164	3.361111164	4.000000477	43.09874313	3.11183548	10.85384846	3.807692289	100672.0	1.203296781	39.13983536	22.43455505	5.441012571	46.25390625	376.169281	384.2472534	24121.0	245.1208801	461.9395752	70.11248779	54.09440613	group
sub-078_task-russian_run-02_bold	0.002021374	0.009969633	0	22.24773168	1.345869325	0.988044442	0.432749699	9451.556641	0.124704356	23.0	12.63736264	2.504655605	2.431508391	2.924223425	2.158235	0.0168265	-0.015057531	0.020789141	182.0	72.0	60.0	36.0	5.476553104	2.0	3.361111164	3.361111164	4.0	48.73241556	2.924473524	11.06111526	3.780219793	100511.0	1.335164905	40.04120827	23.31721878	5.282381015	47.26405334	379.0171204	386.1318665	24241.0	247.6923065	466.4890137	70.50491333	63.40554047	group
sub-078_task-russian_run-03_bold	0.000978729	0.009231218	1	21.84503089	1.332558706	0.961942627	0.432667929	9557.1875	0.097820306	8.0	4.419889503	2.488730089	2.421972854	2.889844913	2.1543725	0.0140303	-0.015025171	0.019989677	181.0	72.0	60.0	36.0	5.604721296	2.0	3.361111164	3.361111164	4.0	48.8212231	2.907866478	11.10086155	3.767956018	100554.0	1.314917207	40.39060955	23.62718391	5.202706411	46.84531021	380.4908447	387.3204651	24148.0	253.4397873	468.1837234	69.10467529	66.82939911	group
sub-078_task-russian_run-04_bold	0.002785769	0.014665706	0	23.8234548	1.286934728	0.967666224	0.434181097	9254.494141	0.18223215	55.0	30.21978022	2.506097541	2.443516325	2.919858797	2.1549175	0.0248245	-0.015843488	0.020794069	182.0	72.0	60.0	36.0	5.48312259	2.0	3.361111164	3.361111164	4.0	53.64670695	3.014081478	11.36837101	3.818681479	100624.0	1.335164905	41.95357075	24.2377739	5.442685478	46.6245575	378.7960205	386.5274963	24112.0	249.0884705	465.8719925	70.49258423	50.56881332	group
sub-078_task-wb2_run-01_bold	0.003419593	0.007469181	0	21.34837081	1.220892929	1.01387776	0.484348729	4198.172852	0.066914203	6.0	3.488372093	2.374441154	2.199270014	2.608456965	2.315596483	0.0227552	-0.016001299	0.038890131	172.0	74.0	66.0	45.0	5.936820296	2.599999905	3.02702713	3.02702713	3.000000238	35.6396489	5.033952236	19.29774857	6.691860676	139100.0	2.6569767	73.52906799	37.5607338	4.673965355	60.85564804	451.3523865	454.8546448	41105.0	328.2255798	556.6604614	76.61493683	70.92123413	group
sub-078_task-wb2_run-02_bold	0.002967093	0.007408182	0	20.6011187	1.200904484	1.018733598	0.484759193	4228.788574	0.071276418	10.0	5.813953488	2.377827503	2.202533943	2.61084875	2.320099816	0.0298329	-0.015844297	0.039305549	172.0	74.0	66.0	45.0	5.892348676	2.599999905	3.02702713	3.02702713	3.000000238	35.94226031	5.059811592	19.55184555	6.691860676	139169.0	2.668604612	74.90232391	38.0990448	4.770218696	60.73927307	452.8417664	456.7819824	41082.0	328.6005905	558.0057983	77.52026367	71.7780838	group
sub-078_task-wb2_run-03_bold	0.002027267	0.010652648	0	22.05285738	1.161609465	0.965513605	0.483766247	4348.535645	0.070777636	8.0	4.651162791	2.377250915	2.190390015	2.602986251	2.338376481	0.0143034	-0.01429905	0.041031297	172.0	74.0	66.0	45.0	5.99456959	2.599999905	3.02702713	3.02702713	3.000000238	35.71144957	5.016711235	19.50104141	6.622093201	139590.0	2.616279125	73.84040909	38.34723663	4.748048426	60.23506165	452.2467957	455.8488464	40853.0	331.8	556.7627808	76.04270172	62.95336151	group
sub-079_task-wb2_run-01_bold	0.001424709	0.00925975	0	29.22306557	1.34981375	1.001867	0.46736483	3883.136475	0.098566801	4.0	2.325581395	2.323403696	2.145223588	2.560647681	2.26433982	0.0185339	-0.022770299	0.032234706	172.0	74.0	66.0	45.0	5.764430198	2.599999905	3.02702713	3.02702713	3.000000238	54.53568475	3.103121042	14.34560204	5.319767475	142581.0	2.662790775	52.84883881	29.73464966	4.52475159	48.0552597	344.2676392	345.6918335	37948.0	255.7715103	431.249118	59.96902847	65.51020813	group
sub-079_task-wb2_run-02_bold	0.00495686	0.00995207	0	31.46863953	1.38227757	1.036589454	0.468453333	3824.654053	0.136879587	22.0	12.79069767	2.337624866	2.156488766	2.57600268	2.280383152	0.0366925	-0.023589944	0.031185733	172.0	74.0	66.0	45.0	5.72040689	2.599999905	3.02702713	3.02702713	3.000000238	50.07135292	3.111741066	14.56159973	5.354650974	142493.0	2.70348835	54.110466	29.87970734	4.394855239	48.18457413	344.137146	345.8604736	38029.0	252.7674408	431.0383789	60.46002197	62.30713272	group
sub-079_task-wb2_run-03_bold	0.008923953	0.011213969	0	32.96621494	1.392664385	1.070456485	0.468962867	3819.319336	0.199666837	37.0	21.51162791	2.332346295	2.157493052	2.56564268	2.273903153	0.0333562	-0.023391185	0.030436365	172.0	74.0	66.0	45.0	5.676391905	2.599999905	3.02702713	3.02702713	3.000000238	49.56185902	3.163459301	14.72796249	5.372093201	142588.0	2.697674513	54.69156952	30.0219593	4.712588379	47.81392288	344.661499	346.4592896	37949.0	254.258139	431.7592957	61.03432083	59.01654053	group
sub-083_task-russian_run-01_bold	0.001505714	0.007209509	0	21.83929161	1.441827328	0.966716236	0.441084126	11076.41309	0.068006847	4.0	2.197802198	2.416256195	2.321006244	2.744922601	2.18283974	0.00612364	-0.014811859	0.02534277	182.0	72.0	60.0	36.0	5.268355746	2.0	3.361111164	3.361111164	4.000000477	71.9683262	2.329803467	9.451719284	3.472527504	97261.0	1.401098967	33.69231033	21.07075882	5.048510207	51.30456161	379.039978	386.5274963	26721.0	245.7307739	471.2142944	73.36639404	74.47789764	group
sub-083_task-russian_run-02_bold	0.00302	0.009379028	0	19.60762745	1.317735301	0.935639032	0.441981271	10723.31348	0.075128522	4.0	2.197802198	2.412737026	2.328634674	2.735946403	2.17363	0.00798195	-0.014804469	0.025052242	182.0	72.0	60.0	36.0	5.344945803	2.0	3.361111164	3.361111164	4.0	68.90050182	2.541604042	9.669331551	3.55494523	97435.0	1.351648331	34.44505692	21.34731102	4.908657354	51.18642807	380.5649414	387.9807739	26628.0	251.4967094	473.468689	72.58698273	64.59768677	group
sub-083_task-russian_run-03_bold	0.005731538	0.00677481	0	20.88051385	1.444841489	1.017968255	0.442080752	10687.0957	0.088580946	8.0	4.395604396	2.393626847	2.309144096	2.715661445	2.156075	0.00996462	-0.015532758	0.026312578	182.0	72.0	60.0	36.0	5.376611703	2.0	3.361111164	3.361111164	4.0	76.30999223	2.606773138	9.727480888	3.565934181	97422.0	1.258241773	34.70824413	21.80750847	4.946215394	52.14359283	382.2117615	388.7197876	26562.0	255.496434	475.2714523	72.29692078	73.40905762	group
sub-083_task-russian_run-04_bold	0.005460275	0.007358867	0	23.35101102	1.575093148	1.04600397	0.441561802	10853.03809	0.093750023	9.0	4.945054945	2.395687239	2.308688889	2.719035329	2.1593375	0.0163224	-0.015261233	0.025719969	182.0	72.0	60.0	36.0	5.34165621	2.0	3.361111164	3.361111164	4.0	69.60049822	2.590481043	9.686071396	3.538461685	97550.0	1.252747297	35.0634613	21.50410843	4.917642721	52.00509644	381.4329529	388.2527466	26537.0	252.6527557	474.5395813	72.6825943	69.86845398	group
sub-083_task-wb2_run-01_bold	0.002600349	0.012928722	0	27.16824619	1.381175762	0.91709984	0.49718637	4251.227051	0.065543275	5.0	2.906976744	2.329718965	2.155953587	2.490833308	2.34237	0.00500256	-0.017947556	0.028615264	172.0	74.0	66.0	45.0	5.435969289	2.599999905	3.02702713	3.02702713	3.0	38.43792722	5.387362957	19.28700447	7.180232525	134002.0	2.825581312	73.84738541	37.40897751	4.308552593	74.18185425	491.8961487	494.7557983	45366.0	359.9621964	619.3735657	91.01419067	52.37509918	group
sub-083_task-wb2_run-02_bold	0.002164826	0.008068328	0	28.30241162	1.520262177	0.987322154	0.49822377	4304.830078	0.064819719	0.0	0.0	2.305594412	2.122670106	2.46754313	2.32657	0.010186	-0.019607421	0.029993696	172.0	74.0	66.0	45.0	5.488655269	2.599999905	3.02702713	3.02702713	3.0	36.7964802	5.05119133	19.79435921	7.151162624	134168.0	3.023255825	76.2558136	38.54332352	4.112850269	74.22929382	492.4103088	495.4040527	45282.0	360.9941864	619.9633453	90.2586441	66.37801361	group
